{
    "strategy": [
        "random",
        "uniform",
        "balanced"
    ],
    "miou": [
        16.83164128723244,
        15.969504415988922,
        18.58149493734042
    ],
    "per_class_iou": [
        [
            3.1563594937324524,
            18.622392416000366,
            23.404930531978607,
            5.539901182055473,
            18.5578390955925,
            2.393808215856552,
            28.792548179626465
        ],
        [
            3.1758084893226624,
            21.069754660129547,
            17.398959398269653,
            6.6789112985134125,
            18.914587795734406,
            2.7638444676995277,
            28.408083319664
        ],
        [
            3.1585581600666046,
            12.274208664894104,
            21.276310086250305,
            8.743049204349518,
            20.955999195575714,
            3.0140623450279236,
            17.8118959069252
        ]
    ]
}