{
    "num_points": [
        200,
        500
    ],
    "miou": [
        17.214729934736777,
        15.737381825844446
    ],
    "per_class_iou": [
        [
            3.129575029015541,
            20.862291753292084,
            20.32727599143982,
            3.591827303171158,
            13.445119559764862,
            9.886939078569412,
            25.051572918891907
        ],
        [
            3.403785824775696,
            15.364702045917511,
            19.588293135166168,
            9.9078968167305,
            14.62973803281784,
            4.661398753523827,
            26.26631259918213
        ]
    ],
    "annotation_percentage": [
        0.30517578125,
        0.762939453125
    ]
}